site_id,vendor_name,category,seed_url,plan_name,allowed_hostnames,page_hints,split,selection_status,access_basis,robots_status,robots_checked_at,approval_record,max_pages,max_depth,deadline_seconds,max_http_requests,date_window_start,date_window_end,retention_days,provider_accounts,data_destinations,max_provider_spend_usd,expected_impact,notes
airtable,Airtable,workflow,https://www.airtable.com/pricing,Team,www.airtable.com,,development,CANDIDATE,UNVERIFIED_PUBLIC_PAGE,NOT_CHECKED,,PENDING,3,1,20,20,PENDING,PENDING,7,NONE,LOCAL_ONLY,0,Up to 20 read-only GETs,URL and plan unverified offline
asana,Asana,workflow,https://asana.com/pricing,Starter,asana.com,,held_out,CANDIDATE,UNVERIFIED_PUBLIC_PAGE,NOT_CHECKED,,PENDING,3,1,20,20,PENDING,PENDING,7,NONE,LOCAL_ONLY,0,Up to 20 read-only GETs,URL and plan unverified offline
atlassian_jira,Atlassian Jira,project_management,https://www.atlassian.com/software/jira/pricing,Standard,www.atlassian.com,,development,CANDIDATE,UNVERIFIED_PUBLIC_PAGE,NOT_CHECKED,,PENDING,3,1,20,20,PENDING,PENDING,7,NONE,LOCAL_ONLY,0,Up to 20 read-only GETs,URL and plan unverified offline
box,Box,storage,https://www.box.com/pricing,Business,www.box.com,,held_out,CANDIDATE,UNVERIFIED_PUBLIC_PAGE,NOT_CHECKED,,PENDING,3,1,20,20,PENDING,PENDING,7,NONE,LOCAL_ONLY,0,Up to 20 read-only GETs,URL and plan unverified offline
clickup,ClickUp,project_management,https://clickup.com/pricing,Unlimited,clickup.com,,development,CANDIDATE,UNVERIFIED_PUBLIC_PAGE,NOT_CHECKED,,PENDING,3,1,20,20,PENDING,PENDING,7,NONE,LOCAL_ONLY,0,Up to 20 read-only GETs,URL and plan unverified offline
datadog,Datadog,observability,https://www.datadoghq.com/pricing/,Pro,www.datadoghq.com,,held_out,CANDIDATE,UNVERIFIED_PUBLIC_PAGE,NOT_CHECKED,,PENDING,3,1,20,20,PENDING,PENDING,7,NONE,LOCAL_ONLY,0,Up to 20 read-only GETs,URL and plan unverified offline
dropbox,Dropbox,storage,https://www.dropbox.com/business/plans-comparison,Business,www.dropbox.com,,development,CANDIDATE,UNVERIFIED_PUBLIC_PAGE,NOT_CHECKED,,PENDING,3,1,20,20,PENDING,PENDING,7,NONE,LOCAL_ONLY,0,Up to 20 read-only GETs,URL and plan unverified offline
figma,Figma,design,https://www.figma.com/pricing/,Professional,www.figma.com,,held_out,CANDIDATE,UNVERIFIED_PUBLIC_PAGE,NOT_CHECKED,,PENDING,3,1,20,20,PENDING,PENDING,7,NONE,LOCAL_ONLY,0,Up to 20 read-only GETs,URL and plan unverified offline
freshdesk,Freshdesk,support,https://www.freshworks.com/freshdesk/pricing/,Growth,www.freshworks.com,,development,CANDIDATE,UNVERIFIED_PUBLIC_PAGE,NOT_CHECKED,,PENDING,3,1,20,20,PENDING,PENDING,7,NONE,LOCAL_ONLY,0,Up to 20 read-only GETs,URL and plan unverified offline
github,GitHub,developer,https://github.com/pricing,Team,github.com,,held_out,CANDIDATE,UNVERIFIED_PUBLIC_PAGE,NOT_CHECKED,,PENDING,3,1,20,20,PENDING,PENDING,7,NONE,LOCAL_ONLY,0,Up to 20 read-only GETs,URL and plan unverified offline
gitlab,GitLab,developer,https://about.gitlab.com/pricing/,Premium,about.gitlab.com,,development,CANDIDATE,UNVERIFIED_PUBLIC_PAGE,NOT_CHECKED,,PENDING,3,1,20,20,PENDING,PENDING,7,NONE,LOCAL_ONLY,0,Up to 20 read-only GETs,URL and plan unverified offline
hubspot,HubSpot,crm,https://www.hubspot.com/pricing,Starter,www.hubspot.com,,held_out,CANDIDATE,UNVERIFIED_PUBLIC_PAGE,NOT_CHECKED,,PENDING,3,1,20,20,PENDING,PENDING,7,NONE,LOCAL_ONLY,0,Up to 20 read-only GETs,URL and plan unverified offline
intercom,Intercom,support,https://www.intercom.com/pricing,Essential,www.intercom.com,,development,CANDIDATE,UNVERIFIED_PUBLIC_PAGE,NOT_CHECKED,,PENDING,3,1,20,20,PENDING,PENDING,7,NONE,LOCAL_ONLY,0,Up to 20 read-only GETs,URL and plan unverified offline
linear,Linear,project_management,https://linear.app/pricing,Standard,linear.app,,held_out,CANDIDATE,UNVERIFIED_PUBLIC_PAGE,NOT_CHECKED,,PENDING,3,1,20,20,PENDING,PENDING,7,NONE,LOCAL_ONLY,0,Up to 20 read-only GETs,URL and plan unverified offline
miro,Miro,design,https://miro.com/pricing/,Starter,miro.com,,development,CANDIDATE,UNVERIFIED_PUBLIC_PAGE,NOT_CHECKED,,PENDING,3,1,20,20,PENDING,PENDING,7,NONE,LOCAL_ONLY,0,Up to 20 read-only GETs,URL and plan unverified offline
monday,Monday.com,workflow,https://monday.com/pricing/,Basic,monday.com,,held_out,CANDIDATE,UNVERIFIED_PUBLIC_PAGE,NOT_CHECKED,,PENDING,3,1,20,20,PENDING,PENDING,7,NONE,LOCAL_ONLY,0,Up to 20 read-only GETs,URL and plan unverified offline
new_relic,New Relic,observability,https://newrelic.com/pricing,Core,newrelic.com,,development,CANDIDATE,UNVERIFIED_PUBLIC_PAGE,NOT_CHECKED,,PENDING,3,1,20,20,PENDING,PENDING,7,NONE,LOCAL_ONLY,0,Up to 20 read-only GETs,URL and plan unverified offline
notion,Notion,workflow,https://www.notion.com/pricing,Plus,www.notion.com,,held_out,CANDIDATE,UNVERIFIED_PUBLIC_PAGE,NOT_CHECKED,,PENDING,3,1,20,20,PENDING,PENDING,7,NONE,LOCAL_ONLY,0,Up to 20 read-only GETs,URL and plan unverified offline
salesforce,Salesforce,crm,https://www.salesforce.com/small-business/starter/,Starter Suite,www.salesforce.com,,development,CANDIDATE,UNVERIFIED_PUBLIC_PAGE,NOT_CHECKED,,PENDING,3,1,20,20,PENDING,PENDING,7,NONE,LOCAL_ONLY,0,Up to 20 read-only GETs,URL and plan unverified offline
slack,Slack,collaboration,https://slack.com/pricing,Pro,slack.com,,held_out,CANDIDATE,UNVERIFIED_PUBLIC_PAGE,NOT_CHECKED,,PENDING,3,1,20,20,PENDING,PENDING,7,NONE,LOCAL_ONLY,0,Up to 20 read-only GETs,URL and plan unverified offline
smartsheet,Smartsheet,workflow,https://www.smartsheet.com/pricing,Pro,www.smartsheet.com,,development,CANDIDATE,UNVERIFIED_PUBLIC_PAGE,NOT_CHECKED,,PENDING,3,1,20,20,PENDING,PENDING,7,NONE,LOCAL_ONLY,0,Up to 20 read-only GETs,URL and plan unverified offline
trello,Trello,project_management,https://trello.com/pricing,Standard,trello.com,,held_out,CANDIDATE,UNVERIFIED_PUBLIC_PAGE,NOT_CHECKED,,PENDING,3,1,20,20,PENDING,PENDING,7,NONE,LOCAL_ONLY,0,Up to 20 read-only GETs,URL and plan unverified offline
zendesk,Zendesk,support,https://www.zendesk.com/pricing/,Suite Team,www.zendesk.com,,development,CANDIDATE,UNVERIFIED_PUBLIC_PAGE,NOT_CHECKED,,PENDING,3,1,20,20,PENDING,PENDING,7,NONE,LOCAL_ONLY,0,Up to 20 read-only GETs,URL and plan unverified offline
zoom,Zoom,collaboration,https://zoom.us/pricing,Pro,zoom.us,,held_out,CANDIDATE,UNVERIFIED_PUBLIC_PAGE,NOT_CHECKED,,PENDING,3,1,20,20,PENDING,PENDING,7,NONE,LOCAL_ONLY,0,Up to 20 read-only GETs,URL and plan unverified offline
