site_id,split,page_type,seed_url,allowed_host,max_gets,access_basis,robots_status,approval_record
iana,development,article,https://www.iana.org/domains/reserved,www.iana.org,10,UNVERIFIED_PUBLIC_PAGE,NOT_CHECKED,PENDING
mdn,development,article,https://developer.mozilla.org/en-US/docs/Web/HTML,developer.mozilla.org,10,UNVERIFIED_PUBLIC_PAGE,NOT_CHECKED,PENDING
django_docs,development,article,https://docs.djangoproject.com/en/stable/intro/overview/,docs.djangoproject.com,10,UNVERIFIED_PUBLIC_PAGE,NOT_CHECKED,PENDING
python_org,development,organization_service,https://www.python.org/about/,www.python.org,10,UNVERIFIED_PUBLIC_PAGE,NOT_CHECKED,PENDING
mozilla,development,organization_service,https://www.mozilla.org/en-US/about/,www.mozilla.org,10,UNVERIFIED_PUBLIC_PAGE,NOT_CHECKED,PENDING
red_hat,development,organization_service,https://www.redhat.com/en/about,www.redhat.com,10,UNVERIFIED_PUBLIC_PAGE,NOT_CHECKED,PENDING
raspberry_pi,development,product,https://www.raspberrypi.com/products/raspberry-pi-5/,www.raspberrypi.com,10,UNVERIFIED_PUBLIC_PAGE,NOT_CHECKED,PENDING
jira,development,product,https://www.atlassian.com/software/jira,www.atlassian.com,10,UNVERIFIED_PUBLIC_PAGE,NOT_CHECKED,PENDING
figjam,development,product,https://www.figma.com/figjam/,www.figma.com,10,UNVERIFIED_PUBLIC_PAGE,NOT_CHECKED,PENDING
clickup,development,saas_pricing,https://clickup.com/pricing,clickup.com,10,UNVERIFIED_PUBLIC_PAGE,NOT_CHECKED,PENDING
gitlab,development,saas_pricing,https://about.gitlab.com/pricing/,about.gitlab.com,10,UNVERIFIED_PUBLIC_PAGE,NOT_CHECKED,PENDING
miro,development,saas_pricing,https://miro.com/pricing/,miro.com,10,UNVERIFIED_PUBLIC_PAGE,NOT_CHECKED,PENDING
w3c,held_out,article,https://www.w3.org/Provider/Style/URI,www.w3.org,10,UNVERIFIED_PUBLIC_PAGE,NOT_CHECKED,PENDING
gnu,held_out,article,https://www.gnu.org/philosophy/free-sw.html,www.gnu.org,10,UNVERIFIED_PUBLIC_PAGE,NOT_CHECKED,PENDING
rfc_editor,held_out,article,https://www.rfc-editor.org/rfc/rfc2606.html,www.rfc-editor.org,10,UNVERIFIED_PUBLIC_PAGE,NOT_CHECKED,PENDING
apache,held_out,organization_service,https://www.apache.org/foundation/,www.apache.org,10,UNVERIFIED_PUBLIC_PAGE,NOT_CHECKED,PENDING
wikimedia,held_out,organization_service,https://wikimediafoundation.org/about/,wikimediafoundation.org,10,UNVERIFIED_PUBLIC_PAGE,NOT_CHECKED,PENDING
linux_foundation,held_out,organization_service,https://www.linuxfoundation.org/about/,www.linuxfoundation.org,10,UNVERIFIED_PUBLIC_PAGE,NOT_CHECKED,PENDING
arduino,held_out,product,https://www.arduino.cc/en/hardware,www.arduino.cc,10,UNVERIFIED_PUBLIC_PAGE,NOT_CHECKED,PENDING
box,held_out,product,https://www.box.com/cloud-storage,www.box.com,10,UNVERIFIED_PUBLIC_PAGE,NOT_CHECKED,PENDING
smartsheet,held_out,product,https://www.smartsheet.com/platform,www.smartsheet.com,10,UNVERIFIED_PUBLIC_PAGE,NOT_CHECKED,PENDING
asana,held_out,saas_pricing,https://asana.com/pricing,asana.com,10,UNVERIFIED_PUBLIC_PAGE,NOT_CHECKED,PENDING
github,held_out,saas_pricing,https://github.com/pricing,github.com,10,UNVERIFIED_PUBLIC_PAGE,NOT_CHECKED,PENDING
notion,held_out,saas_pricing,https://www.notion.com/pricing,www.notion.com,10,UNVERIFIED_PUBLIC_PAGE,NOT_CHECKED,PENDING
